{"cameraMode":{"drawMode":0,"name":"Shaded","section":"Shading Mode"},"sceneLighting":false,"audioPlay":false,"sceneViewState":{"showFog":true,"showMaterialUpdate":false,"showSkybox":false,"showFlares":true,"showImageEffects":true,"showParticleSystems":true},"in2DMode":false,"pivot":{"x":-0.4700000286102295,"y":-1.4299999475479127,"z":31.09000015258789},"rotation":{"x":0.18524809181690217,"y":-0.6807223558425903,"z":0.18421371281147004,"w":0.684410035610199},"size":0.8660253882408142,"orthographic":false}