{"cameraMode":{"drawMode":0,"name":"Shaded","section":"Shading Mode"},"sceneLighting":true,"audioPlay":false,"sceneViewState":{"showFog":true,"showMaterialUpdate":false,"showSkybox":true,"showFlares":true,"showImageEffects":true,"showParticleSystems":true},"in2DMode":false,"pivot":{"x":-26.6426944732666,"y":-15.83849811553955,"z":-246.30381774902345},"rotation":{"x":0.040005140006542209,"y":0.9290052652359009,"z":-0.1052352786064148,"w":0.3527972996234894},"size":38.764381408691409,"orthographic":false}