{"cameraMode":{"drawMode":0,"name":"Shaded","section":"Shading Mode"},"sceneLighting":false,"audioPlay":false,"sceneViewState":{"showFog":true,"showMaterialUpdate":false,"showSkybox":false,"showFlares":true,"showImageEffects":true,"showParticleSystems":true},"in2DMode":false,"pivot":{"x":0.08043694496154785,"y":-1.7175129652023316,"z":24.51484489440918},"rotation":{"x":-0.1392761617898941,"y":-0.03505285829305649,"z":0.004896534141153097,"w":-0.989666223526001},"size":1.8359737396240235,"orthographic":false}