{"cameraMode":{"drawMode":0,"name":"Shaded","section":"Shading Mode"},"sceneLighting":true,"audioPlay":false,"sceneViewState":{"showFog":true,"showMaterialUpdate":false,"showSkybox":true,"showFlares":true,"showImageEffects":true,"showParticleSystems":true},"in2DMode":false,"pivot":{"x":-14.463275909423829,"y":3.21903920173645,"z":-1.4566932916641236},"rotation":{"x":0.01636711321771145,"y":0.37929460406303408,"z":0.00671094236895442,"w":-0.9251081943511963},"size":10.0,"orthographic":false}