{"cameraMode":{"drawMode":0,"name":"Shaded","section":"Shading Mode"},"sceneLighting":false,"audioPlay":false,"sceneViewState":{"showFog":true,"showMaterialUpdate":false,"showSkybox":false,"showFlares":true,"showImageEffects":true,"showParticleSystems":true},"in2DMode":false,"pivot":{"x":-0.03299999237060547,"y":-1.590000033378601,"z":21.579999923706056},"rotation":{"x":-0.15597182512283326,"y":0.18025797605514527,"z":-0.028963519260287286,"w":-0.9707541465759277},"size":0.4330126941204071,"orthographic":false}