{"cameraMode":{"drawMode":0,"name":"Shaded","section":"Shading Mode"},"sceneLighting":false,"audioPlay":false,"sceneViewState":{"showFog":true,"showMaterialUpdate":false,"showSkybox":false,"showFlares":true,"showImageEffects":true,"showParticleSystems":true},"in2DMode":false,"pivot":{"x":-3.5337343215942385,"y":-2.116201162338257,"z":4.977779388427734},"rotation":{"x":-0.14930611848831178,"y":0.35658401250839236,"z":-0.05784275010228157,"w":-0.9204530119895935},"size":4.033012390136719,"orthographic":false}