{"cameraMode":{"drawMode":0,"name":"Shaded","section":"Shading Mode"},"sceneLighting":true,"audioPlay":false,"sceneViewState":{"showFog":true,"showMaterialUpdate":false,"showSkybox":true,"showFlares":true,"showImageEffects":true,"showParticleSystems":true},"in2DMode":false,"pivot":{"x":-5.215160369873047,"y":-6.4305739402771,"z":36.76186752319336},"rotation":{"x":-0.15597182512283326,"y":0.18025797605514527,"z":-0.028963519260287286,"w":-0.9707541465759277},"size":9.919246673583985,"orthographic":false}