{"cameraMode":{"drawMode":0,"name":"Shaded","section":"Shading Mode"},"sceneLighting":true,"audioPlay":false,"sceneViewState":{"showFog":true,"showMaterialUpdate":false,"showSkybox":true,"showFlares":true,"showImageEffects":true,"showParticleSystems":true},"in2DMode":false,"pivot":{"x":-83.28185272216797,"y":-50.16868209838867,"z":-144.20040893554688},"rotation":{"x":0.36368492245674136,"y":-0.023506416007876397,"z":0.00903341919183731,"w":0.9312619566917419},"size":42.76289367675781,"orthographic":false}