{"cameraMode":{"drawMode":0,"name":"Shaded","section":"Shading Mode"},"sceneLighting":true,"audioPlay":false,"sceneViewState":{"showFog":true,"showMaterialUpdate":false,"showSkybox":true,"showFlares":true,"showImageEffects":true,"showParticleSystems":true},"in2DMode":false,"pivot":{"x":-13.597517967224121,"y":-9.284521102905274,"z":28.286724090576173},"rotation":{"x":-0.201019749045372,"y":0.561976969242096,"z":-0.14307746291160584,"w":-0.7895175814628601},"size":9.919246673583985,"orthographic":false}