{"cameraMode":{"drawMode":0,"name":"Shaded","section":"Shading Mode"},"sceneLighting":true,"audioPlay":false,"sceneViewState":{"showFog":true,"showMaterialUpdate":false,"showSkybox":true,"showFlares":true,"showImageEffects":true,"showParticleSystems":true},"in2DMode":false,"pivot":{"x":-3.968672513961792,"y":48.740482330322269,"z":-11.583768844604493},"rotation":{"x":-0.23593342304229737,"y":-0.16608165204524995,"z":0.040964335203170779,"w":-0.9566110372543335},"size":9.919246673583985,"orthographic":false}