{"cameraMode":{"drawMode":0,"name":"Shaded","section":"Shading Mode"},"sceneLighting":true,"audioPlay":false,"sceneViewState":{"showFog":true,"showMaterialUpdate":false,"showSkybox":true,"showFlares":true,"showImageEffects":true,"showParticleSystems":true},"in2DMode":false,"pivot":{"x":-59.651947021484378,"y":-2.7071444988250734,"z":-142.9671173095703},"rotation":{"x":-0.0675625205039978,"y":-0.07751571387052536,"z":0.005243057385087013,"w":-0.9947826266288757},"size":38.764381408691409,"orthographic":false}