{"cameraMode":{"drawMode":0,"name":"Shaded","section":"Shading Mode"},"sceneLighting":false,"audioPlay":false,"sceneViewState":{"showFog":true,"showMaterialUpdate":false,"showSkybox":false,"showFlares":true,"showImageEffects":true,"showParticleSystems":true},"in2DMode":false,"pivot":{"x":-15.881340026855469,"y":13.335680961608887,"z":92.42700958251953},"rotation":{"x":-0.1652735322713852,"y":0.2718592882156372,"z":-0.04745294898748398,"w":-0.946854293346405},"size":20.191923141479493,"orthographic":false}