{"cameraMode":{"drawMode":0,"name":"Shaded","section":"Shading Mode"},"sceneLighting":true,"audioPlay":false,"sceneViewState":{"showFog":true,"showMaterialUpdate":false,"showSkybox":true,"showFlares":true,"showImageEffects":true,"showParticleSystems":true},"in2DMode":false,"pivot":{"x":-10.077990531921387,"y":-0.23177480697631837,"z":1.884669303894043},"rotation":{"x":-0.08521515876054764,"y":0.32610955834388735,"z":-0.029531175270676614,"w":-0.9410207867622376},"size":10.0,"orthographic":false}